Workbook

Sheet Order Review Form
D1: FEASIBILITY STUDY ORDER REVIEW
A2: Customer :
A3: Model :
A4: No | B4: Part No | C4: Part name | D4: Category | E4: Variant | F4: Destination | G4: SOP | H4: EOL | I4: Model Life | J4: Volume/y | K4: Forex | L4: Mat. Condition | M4: 2d data | N4: 3d data | O4: tech doc | P4: Customer Priority | Q4: Volume Potential | R4: Type Product | S4: Technical Capability | T4: Investment | U4: Customer Score | V4: Volume Score | W4: Type Score | X4: Capability Score | Y4: Investment Score | Z4: Total Score | AA4: Rank | AB4: Action
A5: Ex. | B5: 44517T9A 0000 | C5: COVER COMP, HEAT | D5: BIW | E5: RHD | F5: Domestic | G5: 46203 | H5: 48029 | I5: =DATEDIF(G5, H5, "Y") -> 5 | J5: 45625 | M5: TRUE | N5: FALSE | O5: TRUE | P5: Existing | Q5: High | R5: New Product | S5: Available | T5: Low | U5: =IFERROR(VLOOKUP(P5,Scoring!$C$7:$E$10,2,FALSE),"") -> 105 | V5: =IFERROR(VLOOKUP(Q5,Scoring!$C$12:$E$15,2,FALSE),"") -> 125 | W5: =IFERROR(VLOOKUP(R5,Scoring!$C$17:$E$20,2,FALSE),"") -> 50 | X5: =IFERROR(VLOOKUP(S5,Scoring!$C$22:$E$25,2,FALSE),"") -> 100 | Y5: =IFERROR(VLOOKUP(T5,Scoring!$C$27:$E$30,2,FALSE),"") -> 50 | Z5: =SUM(U5:Y5) -> 430 | AA5: =IF(Z5>=400,"A",IF(Z5>=300,"B",IF(Z5>=200,"C","D"))) -> A | AB5: =IF(AA5="A","Review Now",IF(AA5="B","Review Next",IF(AA5="C","Pending","Hold"))) -> Review Now
A6: 1 | I6: =DATEDIF(G6, H6, "Y") -> 0 | M6: FALSE | N6: FALSE | O6: FALSE | U6: =IFERROR(VLOOKUP(P6,Scoring!$C$7:$E$10,2,FALSE),"") | V6: =IFERROR(VLOOKUP(Q6,Scoring!$C$12:$E$15,2,FALSE),"") | W6: =IFERROR(VLOOKUP(R6,Scoring!$C$17:$E$20,2,FALSE),"") | X6: =IFERROR(VLOOKUP(S6,Scoring!$C$22:$E$25,2,FALSE),"") | Y6: =IFERROR(VLOOKUP(T6,Scoring!$C$27:$E$30,2,FALSE),"") | Z6: =SUM(U6:Y6) -> 0 | AA6: =IF(Z6>=400,"A",IF(Z6>=300,"B",IF(Z6>=200,"C","D"))) -> D | AB6: =IF(AA6="A","Review Now",IF(AA6="B","Review Next",IF(AA6="C","Pending","Hold"))) -> Hold
A7: 2 | I7: =DATEDIF(G7, H7, "Y") -> 0 | M7: FALSE | N7: FALSE | O7: FALSE | U7: =IFERROR(VLOOKUP(P7,Scoring!$C$7:$E$10,2,FALSE),"") | V7: =IFERROR(VLOOKUP(Q7,Scoring!$C$12:$E$15,2,FALSE),"") | W7: =IFERROR(VLOOKUP(R7,Scoring!$C$17:$E$20,2,FALSE),"") | X7: =IFERROR(VLOOKUP(S7,Scoring!$C$22:$E$25,2,FALSE),"") | Y7: =IFERROR(VLOOKUP(T7,Scoring!$C$27:$E$30,2,FALSE),"") | Z7: =SUM(U7:Y7) -> 0 | AA7: =IF(Z7>=400,"A",IF(Z7>=300,"B",IF(Z7>=200,"C","D"))) -> D | AB7: =IF(AA7="A","Review Now",IF(AA7="B","Review Next",IF(AA7="C","Pending","Hold"))) -> Hold
A8: 3 | I8: =DATEDIF(G8, H8, "Y") -> 0 | M8: FALSE | N8: FALSE | O8: FALSE | U8: =IFERROR(VLOOKUP(P8,Scoring!$C$7:$E$10,2,FALSE),"") | V8: =IFERROR(VLOOKUP(Q8,Scoring!$C$12:$E$15,2,FALSE),"") | W8: =IFERROR(VLOOKUP(R8,Scoring!$C$17:$E$20,2,FALSE),"") | X8: =IFERROR(VLOOKUP(S8,Scoring!$C$22:$E$25,2,FALSE),"") | Y8: =IFERROR(VLOOKUP(T8,Scoring!$C$27:$E$30,2,FALSE),"") | Z8: =SUM(U8:Y8) -> 0 | AA8: =IF(Z8>=400,"A",IF(Z8>=300,"B",IF(Z8>=200,"C","D"))) -> D | AB8: =IF(AA8="A","Review Now",IF(AA8="B","Review Next",IF(AA8="C","Pending","Hold"))) -> Hold
A9: 4 | I9: =DATEDIF(G9, H9, "Y") -> 0 | M9: FALSE | N9: FALSE | O9: FALSE | U9: =IFERROR(VLOOKUP(P9,Scoring!$C$7:$E$10,2,FALSE),"") | V9: =IFERROR(VLOOKUP(Q9,Scoring!$C$12:$E$15,2,FALSE),"") | W9: =IFERROR(VLOOKUP(R9,Scoring!$C$17:$E$20,2,FALSE),"") | X9: =IFERROR(VLOOKUP(S9,Scoring!$C$22:$E$25,2,FALSE),"") | Y9: =IFERROR(VLOOKUP(T9,Scoring!$C$27:$E$30,2,FALSE),"") | Z9: =SUM(U9:Y9) -> 0 | AA9: =IF(Z9>=400,"A",IF(Z9>=300,"B",IF(Z9>=200,"C","D"))) -> D | AB9: =IF(AA9="A","Review Now",IF(AA9="B","Review Next",IF(AA9="C","Pending","Hold"))) -> Hold
A10: 5 | I10: =DATEDIF(G10, H10, "Y") -> 0 | M10: FALSE | N10: FALSE | O10: FALSE | U10: =IFERROR(VLOOKUP(P10,Scoring!$C$7:$E$10,2,FALSE),"") | V10: =IFERROR(VLOOKUP(Q10,Scoring!$C$12:$E$15,2,FALSE),"") | W10: =IFERROR(VLOOKUP(R10,Scoring!$C$17:$E$20,2,FALSE),"") | X10: =IFERROR(VLOOKUP(S10,Scoring!$C$22:$E$25,2,FALSE),"") | Y10: =IFERROR(VLOOKUP(T10,Scoring!$C$27:$E$30,2,FALSE),"") | Z10: =SUM(U10:Y10) -> 0 | AA10: =IF(Z10>=400,"A",IF(Z10>=300,"B",IF(Z10>=200,"C","D"))) -> D | AB10: =IF(AA10="A","Review Now",IF(AA10="B","Review Next",IF(AA10="C","Pending","Hold"))) -> Hold
A11: 6 | I11: =DATEDIF(G11, H11, "Y") -> 0 | M11: FALSE | N11: FALSE | O11: FALSE | U11: =IFERROR(VLOOKUP(P11,Scoring!$C$7:$E$10,2,FALSE),"") | V11: =IFERROR(VLOOKUP(Q11,Scoring!$C$12:$E$15,2,FALSE),"") | W11: =IFERROR(VLOOKUP(R11,Scoring!$C$17:$E$20,2,FALSE),"") | X11: =IFERROR(VLOOKUP(S11,Scoring!$C$22:$E$25,2,FALSE),"") | Y11: =IFERROR(VLOOKUP(T11,Scoring!$C$27:$E$30,2,FALSE),"") | Z11: =SUM(U11:Y11) -> 0 | AA11: =IF(Z11>=400,"A",IF(Z11>=300,"B",IF(Z11>=200,"C","D"))) -> D | AB11: =IF(AA11="A","Review Now",IF(AA11="B","Review Next",IF(AA11="C","Pending","Hold"))) -> Hold
A12: 7 | I12: =DATEDIF(G12, H12, "Y") -> 0 | M12: FALSE | N12: FALSE | O12: FALSE | U12: =IFERROR(VLOOKUP(P12,Scoring!$C$7:$E$10,2,FALSE),"") | V12: =IFERROR(VLOOKUP(Q12,Scoring!$C$12:$E$15,2,FALSE),"") | W12: =IFERROR(VLOOKUP(R12,Scoring!$C$17:$E$20,2,FALSE),"") | X12: =IFERROR(VLOOKUP(S12,Scoring!$C$22:$E$25,2,FALSE),"") | Y12: =IFERROR(VLOOKUP(T12,Scoring!$C$27:$E$30,2,FALSE),"") | Z12: =SUM(U12:Y12) -> 0 | AA12: =IF(Z12>=400,"A",IF(Z12>=300,"B",IF(Z12>=200,"C","D"))) -> D | AB12: =IF(AA12="A","Review Now",IF(AA12="B","Review Next",IF(AA12="C","Pending","Hold"))) -> Hold
A13: 8 | I13: =DATEDIF(G13, H13, "Y") -> 0 | M13: FALSE | N13: FALSE | O13: FALSE | U13: =IFERROR(VLOOKUP(P13,Scoring!$C$7:$E$10,2,FALSE),"") | V13: =IFERROR(VLOOKUP(Q13,Scoring!$C$12:$E$15,2,FALSE),"") | W13: =IFERROR(VLOOKUP(R13,Scoring!$C$17:$E$20,2,FALSE),"") | X13: =IFERROR(VLOOKUP(S13,Scoring!$C$22:$E$25,2,FALSE),"") | Y13: =IFERROR(VLOOKUP(T13,Scoring!$C$27:$E$30,2,FALSE),"") | Z13: =SUM(U13:Y13) -> 0 | AA13: =IF(Z13>=400,"A",IF(Z13>=300,"B",IF(Z13>=200,"C","D"))) -> D | AB13: =IF(AA13="A","Review Now",IF(AA13="B","Review Next",IF(AA13="C","Pending","Hold"))) -> Hold
A14: 9 | I14: =DATEDIF(G14, H14, "Y") -> 0 | M14: FALSE | N14: FALSE | O14: FALSE | U14: =IFERROR(VLOOKUP(P14,Scoring!$C$7:$E$10,2,FALSE),"") | V14: =IFERROR(VLOOKUP(Q14,Scoring!$C$12:$E$15,2,FALSE),"") | W14: =IFERROR(VLOOKUP(R14,Scoring!$C$17:$E$20,2,FALSE),"") | X14: =IFERROR(VLOOKUP(S14,Scoring!$C$22:$E$25,2,FALSE),"") | Y14: =IFERROR(VLOOKUP(T14,Scoring!$C$27:$E$30,2,FALSE),"") | Z14: =SUM(U14:Y14) -> 0 | AA14: =IF(Z14>=400,"A",IF(Z14>=300,"B",IF(Z14>=200,"C","D"))) -> D | AB14: =IF(AA14="A","Review Now",IF(AA14="B","Review Next",IF(AA14="C","Pending","Hold"))) -> Hold
A15: 10 | I15: =DATEDIF(G15, H15, "Y") -> 0 | M15: FALSE | N15: FALSE | O15: FALSE | U15: =IFERROR(VLOOKUP(P15,Scoring!$C$7:$E$10,2,FALSE),"") | V15: =IFERROR(VLOOKUP(Q15,Scoring!$C$12:$E$15,2,FALSE),"") | W15: =IFERROR(VLOOKUP(R15,Scoring!$C$17:$E$20,2,FALSE),"") | X15: =IFERROR(VLOOKUP(S15,Scoring!$C$22:$E$25,2,FALSE),"") | Y15: =IFERROR(VLOOKUP(T15,Scoring!$C$27:$E$30,2,FALSE),"") | Z15: =SUM(U15:Y15) -> 0 | AA15: =IF(Z15>=400,"A",IF(Z15>=300,"B",IF(Z15>=200,"C","D"))) -> D | AB15: =IF(AA15="A","Review Now",IF(AA15="B","Review Next",IF(AA15="C","Pending","Hold"))) -> Hold
A16: 11 | I16: =DATEDIF(G16, H16, "Y") -> 0 | M16: FALSE | N16: FALSE | O16: FALSE | U16: =IFERROR(VLOOKUP(P16,Scoring!$C$7:$E$10,2,FALSE),"") | V16: =IFERROR(VLOOKUP(Q16,Scoring!$C$12:$E$15,2,FALSE),"") | W16: =IFERROR(VLOOKUP(R16,Scoring!$C$17:$E$20,2,FALSE),"") | X16: =IFERROR(VLOOKUP(S16,Scoring!$C$22:$E$25,2,FALSE),"") | Y16: =IFERROR(VLOOKUP(T16,Scoring!$C$27:$E$30,2,FALSE),"") | Z16: =SUM(U16:Y16) -> 0 | AA16: =IF(Z16>=400,"A",IF(Z16>=300,"B",IF(Z16>=200,"C","D"))) -> D | AB16: =IF(AA16="A","Review Now",IF(AA16="B","Review Next",IF(AA16="C","Pending","Hold"))) -> Hold
A17: 12 | I17: =DATEDIF(G17, H17, "Y") -> 0 | M17: FALSE | N17: FALSE | O17: FALSE | U17: =IFERROR(VLOOKUP(P17,Scoring!$C$7:$E$10,2,FALSE),"") | V17: =IFERROR(VLOOKUP(Q17,Scoring!$C$12:$E$15,2,FALSE),"") | W17: =IFERROR(VLOOKUP(R17,Scoring!$C$17:$E$20,2,FALSE),"") | X17: =IFERROR(VLOOKUP(S17,Scoring!$C$22:$E$25,2,FALSE),"") | Y17: =IFERROR(VLOOKUP(T17,Scoring!$C$27:$E$30,2,FALSE),"") | Z17: =SUM(U17:Y17) -> 0 | AA17: =IF(Z17>=400,"A",IF(Z17>=300,"B",IF(Z17>=200,"C","D"))) -> D | AB17: =IF(AA17="A","Review Now",IF(AA17="B","Review Next",IF(AA17="C","Pending","Hold"))) -> Hold
... A105: 100 | I105: =DATEDIF(G105, H105, "Y") -> 0 | M105: FALSE | N105: FALSE | O105: FALSE | U105: =IFERROR(VLOOKUP(P105,Scoring!$C$7:$E$10,2,FALSE),"") | V105: =IFERROR(VLOOKUP(Q105,Scoring!$C$12:$E$15,2,FALSE),"") | W105: =IFERROR(VLOOKUP(R105,Scoring!$C$17:$E$20,2,FALSE),"") | X105: =IFERROR(VLOOKUP(S105,Scoring!$C$22:$E$25,2,FALSE),"") | Y105: =IFERROR(VLOOKUP(T105,Scoring!$C$27:$E$30,2,FALSE),"") | Z105: =SUM(U105:Y105) -> 0 | AA105: =IF(Z105>=400,"A",IF(Z105>=300,"B",IF(Z105>=200,"C","D"))) -> D | AB105: =IF(AA105="A","Review Now",IF(AA105="B","Review Next",IF(AA105="C","Pending","Hold"))) -> Hold

Sheet Scoring
B1: Rank | C1: Priority | D1: Score Total | E1: Tindakan
B2: A | C2: Priority 1 - Review Now | D2: >= 400 | E2: Review hari yang sama (Fast Track)
B3: B | C3: Priority 2 - Review Next | D3: 300 - 399 | E3: Review setelah Rank A
B4: C | C4: Priority 3 - Pending | D4: 200 - 299 | E4: Review jika kapasitas tersedia
B5: D | C5: Priority 4 - Hold | D5: < 200 | E5: Hold / Reject / Review belakangan
B7: No. | C7: Customer Priority | D7: Score | E7: Descriptions | G7: Pattern Score
B8: 1 | C8: Strategic | D8: 175 | E8: Top customer berdasarkan omzet, target bisnis, atau arahan manajemen | G8: =D8/D10 -> 5
B9: 2 | C9: Existing | D9: 105 | E9: Customer aktif tetapi bukan customer prioritas utama | G9: =D9/D10 -> 3
B10: 3 | C10: New | D10: 35 | E10: Customer yang belum pernah berbisnis atau belum memiliki histori order | G10: =D10/D10 -> 1
B12: No. | C12: Volume Potential | D12: Score | E12: Descriptions | G12: Pattern Score
B13: 1 | C13: High | D13: 125 | E13: >3000u/month | G13: =D13/D15 -> 5
B14: 2 | C14: Medium | D14: 75 | E14: 1000 ~ 3000u/month | G14: =D14/D15 -> 3
B15: 3 | C15: Low | D15: 25 | E15: <1000u/month | G15: =D15/D15 -> 1
B17: No. | C17: Type Product | D17: Score | E17: Descriptions | G17: Pattern Score
B18: 1 | C18: New Product | D18: 50 | E18: Produk yang belum pernah diproduksi ( know-how belum ada ) | G18: =D18/D20 -> 5
B19: 2 | C19: Similar | D19: 30 | E19: Produk baru tetapi memiliki kemiripan tinggi dengan produk existing ( know-how sudah ada) | G19: =D19/D20 -> 3
B20: 3 | C20: Minor Modification | D20: 10 | E20: Perubahan kecil dari produk existing tanpa perubahan signifikan pada proses produksi | G20: =D20/D20 -> 1
B22: No. | C22: Technical Capability | D22: Score | E22: Descriptions | G22: Pattern Score
B23: 1 | C23: Available | D23: 100 | E23: Siap produksi dengan fasilitas saat ini. | G23: =D23/D25 -> 5
B24: 2 | C24: Minor Gap | D24: 60 | E24: Perlu penyesuaian kecil | G24: =D24/D25 -> 3
B25: 3 | C25: Not Available | D25: 20 | E25: Perlu capability baru atau investasi besar | G25: =D25/D25 -> 1
B27: No. | C27: Investment | D27: Score | E27: Descriptions | G27: Pattern Score
B28: 1 | C28: Low | D28: 50 | E28: ≤ Rp 250 juta | G28: =D28/D30 -> 5
B29: 2 | C29: Medium | D29: 30 | E29: Rp 250 juta – Rp 1 miliar | G29: =D29/D30 -> 3
B30: 3 | C30: High | D30: 10 | E30: > Rp 1 miliar | G30: =D30/D30 -> 1
